statistics_date,HKN,HCN,TNN,XAN,QJN,JBN,ZJN,IHN,JTN,TJN,TEN,MJN,MHN,IYN,GDN,VTN
20190101,11861836.0,161734.0,856338.0,79828.0,529219.0,1336684.0,217254.0,187.0,150.0,18040.0,10.0,1113.7,2753.2,1317.0,233025.0,0.0
20190102,9852517.0,137283.0,882834.0,69522.0,563290.0,2023903.0,178761.0,85.0,84.0,16594.0,0.0,749.6,830.5,329.0,211738.0,0.0
20190103,7355199.0,98879.0,594833.0,37390.0,446268.0,1428781.0,125507.0,117.0,29.0,11637.0,0.0,239.5,596.0,114.0,161847.0,0.0
20190104,7393425.0,102523.0,499335.0,26150.0,338425.0,1424304.0,114968.0,98.0,71.0,9507.0,0.0,412.9,579.5,135.0,145706.0,0.0
20190105,7166489.0,97834.0,484236.0,23777.0,364967.0,1361327.0,105387.0,56.0,67.0,8821.0,0.0,248.5,753.7,74.0,104249.0,0.0
20190106,7447609.0,108033.0,550142.0,32795.0,362582.0,1315421.0,116855.0,149.0,135.0,10700.0,20.0,319.8,1154.7,473.0,99077.0,0.0
20190107,7289735.0,94064.0,457835.0,27072.0,341891.0,1313338.0,104586.0,33.0,48.0,9328.0,0.0,234.5,606.0,98.0,108558.0,0.0
20190108,7348895.0,84325.0,413883.0,23401.0,286634.0,1122377.0,101341.0,97.0,49.0,11062.0,0.0,209.3,306.5,128.0,91588.0,0.0
20190109,7985667.0,74407.0,398054.0,19114.0,278855.0,1162238.0,91387.0,7.0,114.0,10938.0,10.0,112.7,518.2,75.0,92733.0,0.0
20190110,8623464.0,90746.0,451525.0,22320.0,307511.0,1165403.0,94655.0,27.0,136.0,12767.0,7.0,88.6,460.2,21.0,94986.0,0.0
20190111,9699935.0,87566.0,621121.0,29271.0,309246.0,1457167.0,95659.0,82.0,52.0,12724.0,0.0,228.6,575.4,152.0,110695.0,0.0
20190112,9324907.0,90314.0,586957.0,24402.0,347220.0,1681605.0,102290.0,65.0,74.0,13404.0,0.0,345.0,792.4,88.0,119419.0,0.0
20190113,8914474.0,103332.0,528896.0,34493.0,329381.0,1686615.0,97840.0,222.0,215.0,16556.0,0.0,562.0,649.7,729.0,111329.0,0.0
20190114,8277531.0,97428.0,515097.0,31382.0,363298.0,1662114.0,106718.0,55.0,38.0,13363.0,11.0,258.9,695.1,103.0,110709.0,0.0
20190115,8446615.0,90530.0,492702.0,33569.0,370459.0,1556609.0,104812.0,74.0,60.0,12826.0,0.0,97.6,516.1,45.0,83053.0,0.0
20190116,9142765.0,103171.0,490510.0,32527.0,497077.0,1554288.0,99964.0,183.0,115.0,11772.0,10.0,277.7,584.6,56.0,87275.0,0.0
20190117,9455272.0,100255.0,467554.0,26218.0,357766.0,1299484.0,83168.0,219.0,81.0,12738.0,0.0,370.1,283.8,133.0,91665.0,0.0
20190118,10666952.0,121296.0,539783.0,30744.0,347970.0,1323029.0,108677.0,104.0,105.0,12537.0,0.0,342.4,397.3,171.0,124951.0,0.0
20190119,9959973.0,118444.0,488205.0,32575.0,357406.0,1325120.0,98527.0,138.0,151.0,14650.0,10.0,347.3,585.9,188.0,115712.0,0.0
20190120,9863043.0,128323.0,535534.0,48373.0,403039.0,1318677.0,120660.0,210.0,172.0,14550.0,10.0,221.1,804.1,525.0,99602.0,0.0
20190121,9481669.0,113993.0,514793.0,45075.0,345726.0,1192539.0,102480.0,103.0,56.0,14168.0,11.0,203.1,565.8,78.0,108567.0,0.0
20190122,9395882.0,113613.0,500659.0,43675.0,345832.0,1197386.0,111926.0,106.0,158.0,13510.0,0.0,461.2,721.0,95.0,88523.0,0.0
20190123,9579668.0,108931.0,490371.0,46685.0,357261.0,1281035.0,105967.0,125.0,220.0,13455.0,0.0,851.7,871.1,43.0,92441.0,0.0
20190124,10051952.0,101181.0,515780.0,49609.0,341152.0,1228530.0,107106.0,104.0,61.0,13406.0,0.0,920.9,585.2,30.0,92622.0,0.0
20190125,11669484.0,116535.0,521078.0,50482.0,380844.0,1234069.0,114582.0,159.0,166.0,14427.0,0.0,644.5,924.3,116.0,101530.0,0.0
20190126,11468989.0,121678.0,532104.0,44343.0,335034.0,1423203.0,115570.0,196.0,256.0,16938.0,0.0,1952.6,760.9,80.0,106602.0,0.0
20190127,11549236.0,106352.0,535992.0,51949.0,321317.0,1301964.0,113665.0,78.0,392.0,16557.0,20.0,645.7,966.7,332.0,105315.0,0.0
20190128,11942782.0,120947.0,538010.0,53161.0,348322.0,1300446.0,103209.0,136.0,156.0,16530.0,10.0,1114.6,825.5,140.0,114353.0,0.0
20190129,11335271.0,116230.0,517945.0,52490.0,334459.0,1232156.0,109765.0,371.0,179.0,17378.0,10.0,789.0,1325.2,165.0,92791.0,0.0
20190130,11362758.0,116230.0,558687.0,56138.0,377393.0,1409782.0,116107.0,224.0,259.0,17965.0,10.0,441.6,845.8,69.0,99666.0,0.0
20190131,11738458.0,141112.0,623850.0,56561.0,349387.0,1407885.0,120041.0,202.0,144.0,18915.0,10.0,1328.3,926.6,71.0,102559.0,0.0
20190201,12136184.0,139814.0,653076.0,58627.0,363257.0,1340351.0,106909.0,90.0,242.5,17451.0,0.0,1151.2,633.1,65.0,104074.0,0.0
20190202,11856136.0,133919.0,689366.0,62115.0,393643.0,1389011.0,117626.0,104.0,467.0,18292.0,0.0,888.4,808.1,93.0,99367.0,0.0
20190203,10477683.0,125225.0,613123.0,45583.0,332366.0,1385240.0,94464.0,95.0,207.0,18953.0,0.0,963.7,484.6,49.0,87159.0,0.0
20190204,4717025.0,68213.0,196953.0,16143.0,130915.0,526310.0,49105.0,156.0,170.0,16898.0,0.0,569.6,710.5,101.0,46134.0,0.0
20190205,4075109.0,85019.0,374734.0,40674.0,248864.0,750137.0,59375.0,64.0,88.0,14703.0,0.0,966.7,771.0,100.0,69935.0,0.0
20190206,6110210.0,156062.0,938708.0,104908.0,561744.0,1680629.0,116193.0,275.0,338.0,13087.0,0.0,1707.6,1096.7,150.0,100352.0,0.0
20190207,9616208.0,181713.0,1239423.0,125449.0,644365.0,1936109.0,156321.0,18.0,91.0,12027.0,0.0,1547.4,2184.2,134.0,126809.0,0.0
20190208,13043829.0,156190.0,998463.0,100198.0,561285.0,1665470.0,128416.0,54.0,219.0,14475.0,20.0,1773.6,1363.4,119.0,148580.0,0.0
20190209,17029074.0,150024.0,972885.0,112542.0,540265.0,1705652.0,129388.0,270.0,115.0,14139.0,20.0,1226.0,1502.0,162.0,168823.0,0.0
20190210,17998727.0,145978.0,830957.0,98645.0,548622.0,1659643.0,128814.0,69.0,204.0,11693.0,20.0,563.3,2067.3,322.0,183814.0,0.0
20190211,20493987.0,139038.0,760103.0,85102.0,518985.0,1610559.0,118878.0,207.0,653.0,11585.0,0.0,575.2,1740.5,533.0,191496.0,0.0
20190212,20140507.0,132271.0,865623.0,99107.0,596381.0,1834290.0,123871.0,296.0,145.0,12011.0,0.0,573.6,1796.4,500.0,190916.0,0.0
20190213,19678610.0,123279.0,837648.0,97386.0,577925.0,1741160.0,128272.0,241.0,179.0,11839.0,0.0,720.5,1562.1,337.0,180912.0,0.0
20190214,18308575.0,108163.0,909703.0,78203.0,547967.0,1620958.0,126781.0,125.0,72.0,12584.0,0.0,572.5,1941.2,181.0,169347.0,0.0
20190215,15481859.0,114311.0,861993.0,99039.0,503991.0,1661906.0,120372.0,164.0,166.0,11051.0,0.0,652.0,1516.2,250.0,162292.0,0.0
20190216,14975399.0,109132.0,900385.0,98676.0,558255.0,1745121.0,100741.0,46.0,153.0,13361.0,0.0,642.2,1696.8,335.0,151666.0,0.0
20190217,14035154.0,116094.0,922296.0,72058.0,560548.0,1738171.0,123628.0,158.0,235.0,12839.0,0.0,455.8,1962.3,655.0,152556.0,0.0
20190218,11929948.0,159803.0,1338495.0,131196.0,779534.0,2433595.0,174157.0,184.0,315.0,10552.0,0.0,845.5,1345.1,199.0,135044.0,0.0
20190219,9286263.0,154284.0,1320955.0,123687.0,739112.0,2247705.0,146725.0,238.0,154.0,14089.0,10.0,865.9,1365.7,389.0,112786.0,0.0
20190220,13174945.0,148502.0,1274637.0,157410.0,768720.0,2188955.0,144964.0,92.0,204.0,12122.0,0.0,643.9,1469.4,357.0,163782.0,0.0
20190221,14040429.0,119876.0,1316644.0,143105.0,773451.0,2435789.0,110316.0,72.0,88.0,11274.0,0.0,489.5,1213.8,155.0,167108.0,0.0
20190222,13939729.0,137370.0,1320510.0,127693.0,837538.0,2231435.0,148527.0,205.0,81.0,12442.0,0.0,811.3,1466.8,179.0,164887.0,0.0
20190223,12764867.0,144292.0,1221765.0,75558.0,903993.0,2121119.0,126875.0,128.0,78.0,12422.0,0.0,417.8,1867.3,362.0,189707.0,0.0
20190224,12283988.0,149964.0,1453096.0,85396.0,952156.0,2300153.0,145052.0,152.0,417.0,13460.0,163.0,932.7,2485.7,1042.0,217813.0,0.0
20190225,11207574.0,156030.0,1611104.0,90305.0,1101683.0,2377730.0,173573.0,59.0,65.0,16601.0,11.0,307.8,1023.7,79.0,148750.0,0.0
20190226,10044235.0,148799.0,1388517.0,79609.0,885098.0,2025425.0,166932.0,36.0,34.0,12594.0,0.0,462.5,690.8,67.0,116852.0,0.0
20190227,9370182.0,149770.0,1240523.0,66266.0,793617.0,1953227.0,165472.0,91.0,49.0,9784.0,0.0,355.2,672.3,78.0,103402.0,0.0
20190228,9432959.0,143925.0,1200000.0,66855.0,676859.0,1828594.0,138678.0,47.0,78.0,11283.0,0.0,325.1,1011.3,91.0,107936.0,0.0
20190301,10023689.0,144650.0,954001.0,49413.0,587903.0,1923229.0,143180.0,173.0,148.0,10337.0,0.0,331.5,836.7,155.0,113770.0,0.0
20190302,8768812.0,129607.0,943409.0,54680.0,581751.0,1757555.0,140167.0,113.0,98.0,11855.0,15.0,340.7,815.3,212.0,126642.0,0.0
20190303,9221448.0,141995.0,886228.0,47749.0,541688.0,1700573.0,155265.0,199.0,266.0,12290.0,0.0,304.0,1288.3,690.0,121653.0,0.0
20190304,8793151.0,131311.0,897687.0,58617.0,608729.0,1725456.0,133779.0,141.0,49.0,11747.0,20.0,251.2,812.5,149.0,126220.0,0.0
20190305,8109439.0,108065.0,739606.0,34899.0,489057.0,1473888.0,127094.0,116.0,72.0,9322.0,0.0,118.1,936.2,102.0,99825.0,0.0
20190306,8019726.0,121872.0,761825.0,34399.0,445230.0,1491847.0,124948.0,84.0,98.0,9697.0,11.0,351.7,527.4,72.0,97272.0,0.0
20190307,7867572.0,110667.0,619143.0,36207.0,417444.0,1486597.0,136889.0,81.0,86.0,10022.0,0.0,136.5,558.5,80.0,95060.0,0.0
20190308,9669851.0,125923.0,775772.0,38132.0,477688.0,1655987.0,141439.0,132.0,320.0,10287.0,0.0,235.9,1015.0,90.0,121610.0,0.0
20190309,8095061.0,111173.0,697609.0,36747.0,437456.0,1549941.0,120091.0,276.0,99.0,11578.0,0.0,529.5,905.3,143.0,129142.0,0.0
20190310,9326065.0,143800.0,807791.0,49269.0,483290.0,1702584.0,156855.0,175.0,186.0,13183.0,0.0,356.7,1625.1,831.0,130986.0,0.0
20190311,9089525.0,130752.0,747402.0,41615.0,492231.0,1683083.0,143771.0,179.0,33.0,8291.0,1132.0,230.0,909.6,172.0,124292.0,0.0
20190312,8191105.0,121458.0,671813.0,39931.0,427437.0,1468746.0,118779.0,83.0,52.0,11308.0,0.0,120.0,1125.1,159.0,103609.0,0.0
20190313,8149818.0,92479.0,593571.0,31644.0,420999.0,1451766.0,101004.0,197.0,65.0,9291.0,11.0,82.1,598.3,154.0,97756.0,0.0
20190314,8310174.0,111612.0,624075.0,31841.0,403395.0,1465917.0,128663.0,102.0,86.0,9193.0,52.0,155.3,547.5,297.0,66520.0,0.0
20190315,10297797.0,132590.0,691389.0,29388.0,485465.0,1752477.0,141132.0,147.0,78.0,10358.0,0.0,152.8,758.8,303.0,124060.0,0.0
20190316,8640567.0,125276.0,699276.0,37803.0,442509.0,1653168.0,137779.0,27.0,82.0,12944.0,0.0,250.5,822.5,220.0,133263.0,0.0
20190317,10456206.0,153434.0,777905.0,33921.0,510357.0,1724290.0,152766.0,298.0,132.0,11889.0,0.0,596.9,1781.7,870.0,130908.0,0.0
20190318,9464883.0,139078.0,754402.0,42474.0,492264.0,1664725.0,171674.0,48.0,82.0,12459.0,0.0,467.2,758.2,359.0,130837.0,0.0
20190319,8470280.0,100147.0,610417.0,32237.0,398362.0,1476382.0,132885.0,62.0,46.0,10447.0,0.0,212.0,534.3,205.0,98943.0,0.0
20190320,8957023.0,104728.0,598979.0,27759.0,410528.0,1485432.0,131181.0,127.0,33.0,10923.0,0.0,58.7,353.7,312.0,96268.0,0.0
20190321,8935519.0,94139.0,591435.0,29202.0,368161.0,1439254.0,119835.0,229.0,164.0,9349.0,0.0,314.0,468.3,154.0,93981.0,0.0
20190322,10983502.0,112759.0,628308.0,31663.0,443083.0,1558035.0,130994.0,170.0,864.0,9635.0,0.0,165.0,974.9,251.0,113804.0,0.0
20190323,9176965.0,93380.0,593048.0,26602.0,416661.0,1518889.0,125078.0,72.0,0.0,10233.0,0.0,266.5,541.3,349.0,122592.0,0.0
20190324,11343050.0,144395.0,778702.0,42289.0,462014.0,1579949.0,137929.0,57.0,228.0,12516.0,0.0,480.2,1509.1,702.0,126821.0,0.0
20190325,10180558.0,122087.0,778702.0,34049.0,495080.0,1664009.0,148948.0,122.0,92.0,13144.0,0.0,226.7,526.4,212.0,126833.0,0.0
20190326,9182589.0,116611.0,599331.0,30573.0,420845.0,1611885.0,132224.0,121.0,37.0,10438.0,0.0,259.1,680.9,300.0,101147.0,0.0
20190327,9217954.0,111576.0,689332.0,28350.0,425546.0,1514859.0,129540.0,125.0,148.0,9176.0,0.0,350.7,633.0,130.0,98157.0,0.0
20190328,9280085.0,118560.0,568625.0,26317.0,425219.0,1478972.0,124509.0,196.0,88.0,9175.0,10.0,188.4,954.3,178.0,93679.0,0.0
20190329,11776640.0,110250.0,786512.0,30302.0,448260.0,1679245.0,137333.0,158.0,138.0,10284.0,0.0,651.7,762.7,243.0,113707.0,0.0
20190330,10461021.0,109253.0,600050.0,31345.0,435483.0,1558013.0,158426.0,94.0,98.0,12398.0,0.0,447.8,798.5,310.0,123802.0,0.0
20190331,12369748.0,130489.0,698356.0,43043.0,460723.0,1671199.0,169208.0,140.0,376.0,15007.0,0.0,370.1,972.0,593.0,123209.0,0.0
20190401,10260677.0,127084.0,745150.0,36059.0,509085.0,1673342.0,141110.0,256.0,120.0,13603.0,0.0,300.5,601.3,222.0,116842.0,0.0
20190402,8880551.0,102374.0,556469.0,31448.0,392495.0,1529317.0,118832.0,147.0,173.0,12954.0,0.0,384.8,488.5,302.0,92364.0,0.0
20190403,9903200.0,131315.0,603668.0,32537.0,440719.0,1633474.0,137123.0,164.0,97.0,14334.0,10.0,507.5,1068.4,160.0,104774.0,0.0
20190404,16361819.0,158647.0,712822.0,36270.0,511384.0,2231507.0,153333.0,146.0,243.0,15645.0,0.0,496.1,1157.3,260.0,151516.0,0.0
20190405,14288045.0,190187.0,859551.0,50137.0,525615.0,2061820.0,149324.0,183.0,320.0,14680.0,0.0,933.9,1420.9,345.0,169475.0,0.0
20190406,10337494.0,259252.0,1158894.0,92412.0,559163.0,1834190.0,138402.0,44.0,238.0,15569.0,744.0,915.8,2177.0,506.0,172342.0,0.0
20190407,17826199.0,337518.0,1438623.0,123960.0,755999.0,2416957.0,197886.0,94.0,228.0,13860.0,0.0,562.9,2592.1,959.0,181750.0,0.0
20190408,16201813.0,268702.0,1265123.0,93110.0,734275.0,2939160.0,206598.0,105.0,161.0,13763.0,0.0,298.4,1699.0,480.0,173099.0,0.0
20190409,11676983.0,171589.0,893412.0,46799.0,496598.0,1992330.0,161186.0,159.0,190.0,10098.0,0.0,512.0,717.1,226.0,118291.0,0.0
20190410,10676919.0,148728.0,741131.0,32270.0,436884.0,1859649.0,158891.0,114.0,55.0,8513.0,0.0,249.1,465.0,69.0,109873.0,0.0
20190411,9941785.0,134032.0,657182.0,31363.0,446611.0,1677137.0,147864.0,92.0,63.0,9590.0,438.0,148.6,626.9,150.0,102232.0,0.0
20190412,11724640.0,140285.0,663072.0,33871.0,487147.0,2065062.0,152100.0,180.0,164.0,9504.0,0.0,187.2,703.1,123.0,124093.0,0.0
20190413,9884799.0,124247.0,628953.0,31560.0,418113.0,1679952.0,139138.0,37.0,114.0,10207.0,424.0,502.0,998.4,228.0,125263.0,0.0
20190414,11856620.0,133792.0,678703.0,32195.0,480105.0,1898925.0,148957.0,446.0,252.0,11485.0,12.0,648.9,980.6,611.0,125110.0,0.0
20190415,11687279.0,128192.0,730172.0,38235.0,511246.0,1959679.0,141192.0,83.0,128.0,12807.0,0.0,156.6,1297.6,122.0,124564.0,0.0
20190416,9852420.0,124803.0,643748.0,37456.0,438698.0,1626962.0,140137.0,177.0,97.0,11898.0,0.0,268.3,696.9,59.0,98092.0,0.0
20190417,9985873.0,120290.0,604658.0,39294.0,424411.0,1561196.0,139678.0,92.0,118.0,7604.0,0.0,510.4,829.9,129.0,103191.0,0.0
20190418,10794278.0,113491.0,603260.0,41315.0,431873.0,1593905.0,139228.0,162.0,213.0,8096.0,0.0,86.2,758.6,85.0,99492.0,0.0
20190419,13407140.0,115895.0,627863.0,28385.0,465346.0,1749467.0,146153.0,189.0,108.0,10921.0,0.0,302.3,679.9,182.0,131824.0,0.0
20190420,10982768.0,121333.0,610400.0,30578.0,477823.0,1712717.0,141956.0,117.0,268.0,11258.0,10.0,68.4,916.7,150.0,121113.0,0.0
20190421,12758777.0,122329.0,631864.0,42904.0,479817.0,2162517.0,155850.0,341.0,194.0,16130.0,11.0,572.2,1255.1,543.0,128272.0,0.0
20190422,10752147.0,127092.0,682756.0,40750.0,473837.0,1844448.0,143677.0,94.0,53.0,12083.0,0.0,203.2,636.0,73.0,122793.0,0.0
20190423,9456451.0,141246.0,547300.0,29400.0,413609.0,1547950.0,156441.0,147.0,30.0,10509.0,350.0,221.6,651.9,99.0,96758.0,0.0
20190424,9772402.0,114809.0,552950.0,29668.0,416155.0,1663014.0,126678.0,158.0,57.0,9706.0,0.0,69.5,463.4,174.0,98831.0,0.0
20190425,10172640.0,118552.0,574813.0,47887.0,448774.0,1662606.0,136156.0,61.0,92.0,10046.0,0.0,207.8,536.1,85.0,103601.0,0.0
20190426,11212273.0,125089.0,885423.0,32214.0,416336.0,1803574.0,138856.0,207.0,81.0,10714.0,0.0,208.1,614.8,203.0,111475.0,0.0
20190427,10383010.0,130305.0,558838.0,31930.0,440464.0,1652235.0,136770.0,105.0,146.0,10244.0,0.0,182.7,657.4,90.0,105438.0,0.0
20190428,11090254.0,113067.0,581010.0,31884.0,400638.0,1594068.0,129175.0,51.0,50.0,11258.0,0.0,476.2,726.6,91.0,95913.0,0.0
20190429,12048103.0,124774.0,611478.0,38768.0,451381.0,1710469.0,142703.0,222.0,82.0,14714.0,0.0,322.2,534.9,138.0,103588.0,0.0
20190430,18336581.0,188178.0,822990.0,38293.0,542142.0,2348435.0,163039.0,210.0,223.0,12297.0,10.0,231.3,1649.8,471.0,172529.0,0.0
20190501,19402465.0,329589.0,951954.0,48834.0,660664.0,2909579.0,194490.0,256.0,682.0,16702.0,0.0,555.5,1122.6,614.0,197334.0,0.0
20190502,11858127.0,163614.0,911964.0,80390.0,634385.0,1817859.0,178904.0,133.0,271.0,15979.0,0.0,1041.8,1938.7,526.0,157972.0,0.0
20190503,13518997.0,230953.0,1378842.0,109671.0,903185.0,2462260.0,225441.0,311.0,246.0,16614.0,0.0,704.6,2527.8,828.0,172444.0,0.0
20190504,18759488.0,227056.0,1051726.0,107332.0,732549.0,2310491.0,198807.0,216.0,282.0,15164.0,0.0,713.1,2516.0,1171.0,172244.0,0.0
20190505,15312517.0,221333.0,1237808.0,78173.0,803942.0,2620354.0,211387.0,229.0,64.0,15324.0,0.0,396.1,1698.3,493.0,171502.0,0.0
20190506,13073835.0,163853.0,1008868.0,62454.0,657679.0,2285160.0,198064.0,85.0,61.0,11449.0,0.0,588.3,829.1,249.0,11754.0,0.0
20190507,10240339.0,150102.0,798297.0,45081.0,527690.0,1951851.0,168131.0,130.0,33.0,10489.0,0.0,338.5,643.8,155.0,2432.0,0.0
20190508,9263632.0,133132.0,785738.0,43306.0,524836.0,1801418.0,158884.0,62.0,50.0,10375.0,0.0,236.9,557.4,139.0,100741.0,0.0
20190509,9220386.0,133564.0,630585.0,30023.0,465135.0,1640083.0,129537.0,74.0,199.0,10146.0,0.0,162.6,479.3,36.0,98401.0,0.0
20190510,11514159.0,146687.0,725170.0,33049.0,514106.0,1769040.0,148142.0,411.0,512.0,9575.0,0.0,96.6,708.3,135.0,112144.0,0.0
20190511,9371301.0,130530.0,582611.0,34712.0,428488.0,1627155.0,139230.0,92.0,96.0,12052.0,0.0,192.5,1228.7,143.0,119724.0,0.0
20190512,10926238.0,136096.0,704372.0,45979.0,551541.0,1846635.0,155278.0,197.0,171.0,11966.0,0.0,96.6,1213.6,821.0,128793.0,0.0
20190513,10125509.0,144198.0,745736.0,38541.0,532358.0,1827325.0,160834.0,131.0,180.0,13054.0,16.0,145.2,826.8,143.0,125481.0,0.0
20190514,9016460.0,113032.0,619398.0,29178.0,476758.0,1573837.0,139581.0,37.0,73.0,11141.0,0.0,360.5,732.6,127.0,91653.0,0.0
20190515,9198562.0,114308.0,608440.0,30956.0,442291.0,1568069.0,133500.0,49.0,69.0,10694.0,0.0,319.6,601.1,114.0,90665.0,0.0
20190516,9298340.0,119836.0,704411.0,43923.0,436367.0,1563279.0,119193.0,217.0,92.0,11522.0,16.0,194.3,892.9,77.0,95370.0,0.0
20190517,11803188.0,152801.0,633523.0,37448.0,498063.0,1840026.0,154925.0,292.0,67.0,10267.0,0.0,333.7,762.7,251.0,122532.0,0.0
20190518,10127813.0,141902.0,655456.0,38050.0,495755.0,1750470.0,147473.0,234.0,198.0,11306.0,0.0,194.3,795.5,172.0,125488.0,0.0
20190519,12107418.0,136643.0,788736.0,37389.0,588515.0,1869270.0,156677.0,217.0,203.0,15851.0,0.0,399.1,1371.3,748.0,127129.0,0.0
20190520,11020346.0,144557.0,775651.0,41509.0,562097.0,1833103.0,141172.0,186.0,128.0,12110.0,0.0,296.2,723.7,86.0,133923.0,0.0
20190521,9541823.0,129940.0,803477.0,41427.0,477905.0,1656550.0,145750.0,149.0,58.0,11326.0,0.0,269.9,508.9,160.0,112777.0,0.0
20190522,9320060.0,122621.0,632068.0,29870.0,447410.0,1610435.0,127885.0,191.0,57.0,9690.0,0.0,212.4,750.6,71.0,97273.0,0.0
20190523,9492624.0,107501.0,626922.0,35048.0,403199.0,1677203.0,139146.0,61.0,65.0,11207.0,0.0,211.1,605.7,121.0,96525.0,0.0
20190524,11519514.0,124055.0,726925.0,30346.0,488301.0,1844987.0,156102.0,88.0,103.0,10280.0,0.0,337.5,849.3,121.0,113024.0,0.0
20190525,9449723.0,116201.0,578583.0,31576.0,488301.0,1511680.0,137643.0,223.0,129.0,10566.0,0.0,291.3,591.0,441.0,113860.0,0.0
20190526,10984602.0,127641.0,646232.0,50739.0,523717.0,1819931.0,137102.0,351.0,168.0,11818.0,10.0,540.8,1142.9,832.0,127805.0,0.0
20190527,9707633.0,139149.0,683157.0,34988.0,508677.0,1794091.0,150294.0,49.0,47.0,15543.0,11.0,104.1,995.0,124.0,125796.0,0.0
20190528,8841886.0,125876.0,589156.0,28251.0,429951.0,1624099.0,129817.0,213.0,24.0,13689.0,0.0,133.1,495.5,229.0,98224.0,0.0
20190529,8664260.0,105213.0,547794.0,45289.0,425686.0,1515096.0,126038.0,92.0,66.0,11402.0,0.0,138.8,623.3,39.0,95785.0,0.0
20190530,8828857.0,107456.0,550811.0,32478.0,438610.0,1547322.0,132987.0,73.0,29.0,10316.0,0.0,93.0,445.8,74.0,93179.0,0.0
20190531,10746692.0,145235.0,605311.0,32847.0,482282.0,1706472.0,141036.0,231.0,127.0,11911.0,0.0,146.6,647.3,393.0,108309.0,0.0
20190601,9013280.0,135094.0,600125.0,35427.0,479482.0,1512566.0,134737.0,70.0,63.0,15217.0,0.0,580.3,755.0,303.0,139678.0,0.0
20190602,9806317.0,140372.0,751646.0,65881.0,577647.0,1686198.0,147498.0,378.0,181.0,16363.0,0.0,311.0,1465.2,752.0,141224.0,0.0
20190603,9142732.0,137456.0,734656.0,48086.0,534033.0,1709602.0,150163.0,110.0,79.0,14373.0,0.0,245.4,613.8,81.0,123482.0,0.0
20190604,8332799.0,118642.0,635501.0,34524.0,426626.0,1496194.0,129794.0,48.0,97.0,13080.0,126.0,196.5,642.6,148.0,91487.0,0.0
20190605,9695600.0,139284.0,707621.0,39261.0,436266.0,1667907.0,132228.0,140.0,82.0,11260.0,0.0,166.5,734.0,83.0,99661.0,0.0
20190606,16024692.0,165988.0,768146.0,42453.0,519862.0,2152459.0,139515.0,207.0,236.0,16050.0,0.0,598.3,1339.6,359.0,150023.0,0.0
20190607,13802120.0,175056.0,645270.0,40742.0,445754.0,1721516.0,145880.0,223.0,238.0,21273.0,0.0,1000.2,1598.1,366.0,176204.0,0.0
20190608,7974602.0,162401.0,864072.0,82267.0,621224.0,1721546.0,178401.0,451.0,492.0,29075.0,11.0,999.3,2493.6,818.0,165920.0,0.0
20190609,15958471.0,235839.0,1364590.0,140076.0,883373.0,2658987.0,248138.0,677.0,461.0,18364.0,9.0,1375.0,4124.8,2131.0,244718.0,0.0
20190610,14121233.0,191698.0,866947.0,77369.0,846885.0,3005005.0,243219.0,136.0,87.0,16856.0,0.0,612.7,1668.2,243.0,189400.0,0.0
20190611,11088158.0,178227.0,891412.0,61432.0,633031.0,2085985.0,168320.0,283.0,83.0,13636.0,0.0,285.2,626.9,122.0,118529.0,0.0
20190612,10232901.0,143608.0,781110.0,43797.0,573918.0,1875171.0,167385.0,37.0,33.0,9257.0,0.0,285.9,743.1,139.0,116057.0,0.0
20190613,9849663.0,140943.0,707797.0,39153.0,490769.0,1794687.0,155199.0,107.0,46.0,11172.0,0.0,352.3,693.1,41.0,109523.0,0.0
20190614,11428595.0,156095.0,712971.0,38294.0,503843.0,1951910.0,147373.0,122.0,169.0,9485.0,0.0,286.7,557.4,136.0,126454.0,0.0
20190615,10285718.0,158659.0,709265.0,36040.0,515310.0,2020564.0,149225.0,108.0,298.0,14896.0,0.0,470.4,557.4,346.0,147905.0,0.0
20190616,11970413.0,138721.0,799525.0,44773.0,695157.0,1995588.0,146042.0,137.0,226.0,10572.0,0.0,475.5,1259.1,974.0,134075.0,0.0
20190617,12399704.0,185132.0,709875.0,40994.0,569956.0,1956504.0,151713.0,106.0,120.0,12985.0,0.0,143.1,454.5,128.0,118775.0,0.0
20190618,9888996.0,135401.0,665593.0,36946.0,537201.0,1600600.0,134207.0,114.0,86.0,12526.0,0.0,432.2,567.2,102.0,98424.0,0.0
20190619,9896762.0,134311.0,669865.0,41664.0,467667.0,1703086.0,145588.0,88.0,202.0,11582.0,0.0,240.2,622.0,109.0,102875.0,0.0
20190620,10523929.0,139627.0,656897.0,43879.0,481190.0,1911436.0,145382.0,24.0,30.0,12024.0,0.0,105.3,898.6,95.0,103637.0,0.0
20190621,13524804.0,118347.0,642430.0,39854.0,439211.0,1875354.0,138251.0,151.0,119.0,11040.0,0.0,475.4,951.9,191.0,115074.0,0.0
20190622,11788231.0,165838.0,828214.0,38399.0,487775.0,2012832.0,138324.0,123.0,69.0,13516.0,0.0,595.6,872.7,328.0,129947.0,0.0
20190623,13170980.0,151099.0,923797.0,57264.0,692005.0,1860897.0,152526.0,407.0,230.0,15935.0,0.0,315.9,1072.9,712.0,138470.0,0.0
20190624,11192205.0,152921.0,818092.0,57487.0,585609.0,1826570.0,153633.0,169.0,182.0,14216.0,0.0,131.8,339.7,116.0,142588.0,0.0
20190625,10277400.0,145679.0,759514.0,52793.0,487510.0,1720144.0,141087.0,129.0,107.0,12929.0,0.0,225.4,763.1,81.0,132185.0,0.0
20190626,10921846.0,131409.0,717749.0,44136.0,501116.0,1678756.0,151375.0,73.0,7.0,10846.0,0.0,231.9,873.8,67.0,119088.0,0.0
20190627,11812076.0,138668.0,704233.0,44867.0,577114.0,1785998.0,145154.0,138.0,156.0,12279.0,0.0,215.5,728.5,89.0,112730.0,0.0
20190628,14072586.0,173650.0,704599.0,45267.0,681385.0,2119752.0,146177.0,85.0,0.0,10393.0,0.0,197.3,892.0,180.0,134688.0,0.0
20190629,13739374.0,224433.0,1003351.0,62640.0,743956.0,2272912.0,149272.0,74.0,131.0,13883.0,0.0,754.2,1180.2,224.0,139106.0,0.0
20190630,14394748.0,184888.0,1176778.0,81151.0,779502.0,2187173.0,170663.0,219.0,32.0,13883.0,10.0,376.0,1701.8,926.0,158953.0,0.0
20190701,13295405.0,220392.0,1357138.0,87329.0,770588.0,2469723.0,163094.0,176.0,96.0,16729.0,11.0,441.4,1079.3,240.0,142193.0,0.0
20190702,12885041.0,211476.0,1372989.0,77508.0,750879.0,2362207.0,161923.0,195.0,128.0,15719.0,0.0,204.3,1327.0,140.0,128712.0,0.0
20190703,13606283.0,282482.0,1386074.0,85377.0,718441.0,2357697.0,165329.0,97.0,91.0,12659.0,0.0,276.3,798.9,138.0,132125.0,0.0
20190704,13974426.0,400497.0,1362456.0,90380.0,754165.0,2384760.0,182623.0,180.0,67.0,11811.0,0.0,252.3,1208.9,127.0,127599.0,0.0
20190705,16022062.0,286100.0,1395501.0,83364.0,731355.0,2291040.0,184892.0,180.0,209.0,10068.0,0.0,522.0,1082.6,292.0,174333.0,0.0
20190706,15955368.0,204447.0,1320726.0,65655.0,706776.0,2404408.0,176644.0,337.0,85.0,14092.0,0.0,365.7,1405.0,279.0,163263.0,0.0
20190707,15283475.0,205196.0,1252294.0,90931.0,716563.0,2318048.0,196593.0,276.0,73.0,14890.0,0.0,524.1,1645.6,806.0,153987.0,0.0
20190708,14201240.0,211721.0,1284218.0,87679.0,730347.0,2493761.0,187791.0,93.0,113.0,13091.0,10.0,413.1,1073.9,118.0,146696.0,0.0
20190709,13262041.0,201754.0,1192299.0,77635.0,712777.0,2400654.0,184976.0,98.0,182.0,14474.0,0.0,138.6,1340.3,108.0,119417.0,0.0
20190710,13558159.0,200174.0,1128320.0,58026.0,659857.0,2029602.0,166876.0,35.0,72.0,11945.0,0.0,307.7,1008.2,358.0,117378.0,0.0
20190711,13032804.0,187704.0,1100650.0,59199.0,661553.0,2191393.0,163360.0,189.0,50.0,13494.0,19.0,210.2,943.6,122.0,121840.0,0.0
20190712,14448302.0,180327.0,1068543.0,54793.0,658409.0,2249146.0,174109.0,191.0,119.0,12609.0,0.0,392.5,944.7,274.0,129016.0,0.0
20190713,13572830.0,181176.0,986139.0,57481.0,649393.0,2044619.0,172636.0,1506.0,162.0,14663.0,20.0,473.6,1446.8,264.0,140557.0,0.0
20190714,14165850.0,171485.0,1019351.0,66940.0,674350.0,2012324.0,158699.0,1580.0,113.0,17163.0,22.0,378.2,1233.5,1016.0,144602.0,0.0
20190715,13515474.0,163121.0,1033845.0,74694.0,738856.0,2083553.0,190520.0,206.0,133.0,16309.0,0.0,265.8,861.7,156.0,140272.0,0.0
20190716,12523746.0,187323.0,1026850.0,67416.0,664779.0,1982461.0,180358.0,57.0,37.0,14067.0,0.0,360.3,630.9,179.0,113173.0,0.0
20190717,11868896.0,163373.0,918769.0,50304.0,610051.0,1865948.0,193479.0,108.0,70.0,12000.0,9.0,191.5,781.1,79.0,109000.0,0.0
20190718,12317183.0,155900.0,896305.0,54934.0,650211.0,1851962.0,164123.0,180.0,80.0,12446.0,18.0,191.6,839.3,110.0,113754.0,0.0
20190719,13765074.0,175594.0,1048970.0,56434.0,637722.0,1945354.0,174973.0,553.0,77.0,14210.0,0.0,508.5,1042.8,249.0,138542.0,0.0
20190720,13609549.0,190413.0,982049.0,52961.0,692448.0,1968772.0,175228.0,191.0,17.0,15248.0,0.0,313.0,1308.8,306.0,143399.0,0.0
20190721,13993708.0,174797.0,966472.0,69149.0,724892.0,1994751.0,172996.0,304.0,164.0,16811.0,2436.0,943.2,1458.0,891.0,140356.0,0.0
20190722,13065056.0,181271.0,1024691.0,62922.0,740961.0,1989918.0,182712.0,70.0,118.0,16104.0,0.0,499.3,884.5,150.0,135660.0,0.0
20190723,12116518.0,181707.0,980179.0,50662.0,640814.0,2033776.0,169136.0,92.0,137.0,14327.0,0.0,297.1,817.9,200.0,108543.0,0.0
20190724,12260810.0,183614.0,922335.0,51620.0,623159.0,1910752.0,167279.0,169.0,38.0,13497.0,0.0,340.0,936.6,93.0,108115.0,0.0
20190725,12221024.0,171748.0,929285.0,44682.0,644046.0,1930723.0,178214.0,30.0,65.0,11163.0,0.0,295.0,719.1,59.0,119829.0,0.0
20190726,13987062.0,190410.0,964513.0,48481.0,696701.0,2096928.0,159084.0,92.0,171.0,10241.0,0.0,196.1,922.9,210.0,120642.0,0.0
20190727,14036536.0,195499.0,980118.0,42971.0,657113.0,2132368.0,165922.0,1506.0,291.0,13075.0,0.0,641.6,758.6,342.0,135194.0,0.0
20190728,13708519.0,178914.0,981816.0,54400.0,695058.0,2076801.0,181740.0,92.0,2.0,17905.0,0.0,446.6,1255.0,774.0,130051.0,0.0
20190729,13130418.0,177390.0,1078540.0,66037.0,818771.0,2151070.0,198083.0,110.0,115.0,15704.0,0.0,600.8,812.9,115.0,128397.0,0.0
20190730,12270537.0,191359.0,1027865.0,61246.0,746182.0,2008788.0,180575.0,70.0,56.0,16295.0,0.0,264.4,574.5,70.0,107442.0,0.0
20190731,12617646.0,184908.0,1102293.0,64613.0,753138.0,2135150.0,178771.0,69.0,3.0,13305.0,0.0,166.5,688.4,22.0,107474.0,0.0
20190801,13482591.0,224200.0,1131921.0,63922.0,790518.0,2034430.0,201859.0,720.0,99.0,11197.0,0.0,572.1,1013.7,107.0,107278.0,0.0
20190802,15274418.0,222165.0,1094715.0,58220.0,831369.0,2155186.0,193598.0,1039.0,144.0,11242.0,0.0,622.1,952.3,226.0,133374.0,0.0
20190803,14827704.0,216493.0,1123821.0,64371.0,811946.0,2240543.0,190164.0,238.0,32.0,13908.0,0.0,339.3,910.4,414.0,140181.0,0.0
20190804,15054133.0,204909.0,1031769.0,74370.0,777434.0,2145274.0,181379.0,199.0,119.0,16892.0,28.0,240.3,1762.6,794.0,2937.0,0.0
20190805,13979685.0,217633.0,1131658.0,72621.0,877005.0,2262772.0,182435.0,126.0,73.0,12554.0,10.0,412.3,1167.2,169.0,134761.0,0.0
20190806,12959905.0,202400.0,1210226.0,73822.0,837681.0,2297156.0,187179.0,259.0,84.0,16060.0,0.0,203.5,861.2,183.0,112049.0,0.0
20190807,12757475.0,192514.0,1239464.0,66568.0,791299.0,2214716.0,176715.0,65.0,115.0,10719.0,0.0,227.2,785.7,194.0,111697.0,0.0
20190808,13062861.0,187186.0,1190045.0,66822.0,791263.0,2170177.0,181351.0,131.0,74.0,13408.0,0.0,331.7,1115.8,81.0,109383.0,0.0
20190809,14768989.0,202629.0,1098837.0,55322.0,778684.0,2359324.0,192417.0,159.0,147.0,15137.0,11.0,766.6,928.3,215.0,136261.0,0.0
20190810,14504526.0,180255.0,997712.0,56376.0,700766.0,2149024.0,189779.0,153.0,69.0,14099.0,0.0,134.0,817.7,207.0,137407.0,0.0
20190811,14575700.0,166584.0,1005740.0,56444.0,685380.0,2096014.0,172613.0,292.0,17.0,18002.0,0.0,621.3,1236.2,1049.0,145472.0,0.0
20190812,15969243.0,230220.0,1142893.0,68799.0,847220.0,2455745.0,213325.0,119.0,165.0,15201.0,0.0,378.8,1075.0,105.0,144762.0,0.0
20190813,13410430.0,217873.0,1077811.0,48163.0,744184.0,2347443.0,191232.0,107.0,58.0,14451.0,0.0,378.8,1265.6,178.0,110586.0,0.0
20190814,12750025.0,207264.0,981522.0,42181.0,689771.0,2070059.0,205946.0,132.0,40.0,12426.0,0.0,222.8,704.4,106.0,100907.0,0.0
20190815,12574373.0,184496.0,975998.0,49013.0,712350.0,2227081.0,178243.0,109.0,433.0,13428.0,0.0,316.4,544.7,78.0,106778.0,0.0
20190816,15237147.0,218336.0,1076711.0,54582.0,746070.0,2281454.0,198936.0,333.0,134.0,12002.0,0.0,516.1,1118.7,269.0,135650.0,0.0
20190817,14701239.0,193695.0,979018.0,50804.0,660004.0,2287725.0,193468.0,183.0,5.0,14545.0,0.0,449.4,1475.6,238.0,144012.0,0.0
20190818,14492579.0,185846.0,930555.0,62147.0,716134.0,2201811.0,186912.0,216.0,107.0,17982.0,0.0,604.6,1226.1,1059.0,149001.0,0.0
20190819,14057333.0,181846.0,1063635.0,61837.0,751222.0,2316303.0,221230.0,78.0,53.0,16105.0,0.0,224.2,1006.6,221.0,141039.0,0.0
20190820,13095368.0,218107.0,992814.0,50948.0,699845.0,2235409.0,197575.0,82.0,66.0,14685.0,0.0,184.3,816.5,151.0,124032.0,0.0
20190821,13007940.0,185348.0,948929.0,44180.0,661442.0,2118168.0,197060.0,287.0,54.0,13271.0,0.0,250.0,891.3,178.0,112781.0,0.0
20190822,12596257.0,167874.0,878673.0,51714.0,641829.0,2023591.0,172567.0,73.0,156.0,12766.0,0.0,378.0,1088.3,162.0,108276.0,0.0
20190823,14179137.0,169015.0,974667.0,58396.0,655110.0,2168070.0,203131.0,522.0,142.0,10404.0,0.0,588.9,918.5,304.0,142699.0,0.0
20190824,13833411.0,187340.0,931296.0,51276.0,662050.0,2145968.0,187506.0,114.0,142.0,14675.0,0.0,476.0,1036.9,140.0,147558.0,0.0
20190825,14035588.0,177782.0,947800.0,58535.0,668149.0,2009194.0,184716.0,320.0,219.0,17459.0,0.0,393.5,1659.4,756.0,150845.0,0.0
20190826,12784551.0,167666.0,965096.0,50043.0,675945.0,2065404.0,191185.0,590.0,35.0,17211.0,0.0,437.2,1091.9,248.0,140421.0,0.0
20190827,11713271.0,162538.0,848545.0,45891.0,635763.0,2043946.0,190064.0,114.0,387.0,15094.0,0.0,198.1,1305.8,124.0,112857.0,0.0
20190828,11830189.0,149893.0,876051.0,48127.0,615053.0,1916102.0,161187.0,581.0,184.0,13396.0,0.0,477.9,887.9,116.0,113633.0,0.0
20190829,11596715.0,154812.0,794992.0,54284.0,605228.0,1884476.0,172541.0,422.0,82.0,14044.0,0.0,198.0,1183.2,221.0,116171.0,0.0
20190830,12624682.0,165497.0,806705.0,51588.0,626865.0,2063365.0,167876.0,366.0,132.0,12674.0,0.0,891.5,2080.2,377.0,168996.0,0.0
20190831,11590076.0,170509.0,912066.0,60247.0,635785.0,2082588.0,184093.0,134.0,120.0,16630.0,0.0,352.9,1722.6,552.0,190129.0,0.0
20190901,11896251.0,140950.0,766675.0,62355.0,534770.0,1800765.0,158805.0,266.0,87.0,21463.0,0.0,688.1,1975.4,673.0,159960.0,0.0
20190902,10291501.0,148344.0,1048508.0,69847.0,620940.0,1868573.0,175383.0,59.0,90.0,20021.0,0.0,293.7,946.1,103.0,126013.0,0.0
20190903,9621103.0,143553.0,977574.0,46510.0,568467.0,1772596.0,155555.0,159.0,93.0,11868.0,0.0,401.6,771.8,172.0,105497.0,0.0
20190904,9556861.0,117780.0,840666.0,48497.0,537890.0,1753892.0,138990.0,36.0,66.0,10293.0,141.0,698.7,564.4,133.0,112511.0,0.0
20190905,9968661.0,120704.0,746241.0,41273.0,543833.0,1873440.0,137776.0,48.0,95.0,12922.0,0.0,372.3,538.4,35.0,112919.0,0.0
20190906,11160444.0,128537.0,730923.0,43449.0,539596.0,1853362.0,138810.0,308.0,108.0,11031.0,0.0,225.8,601.9,264.0,143370.0,0.0
20190907,9848545.0,114026.0,677793.0,41028.0,474957.0,1763009.0,149123.0,81.0,135.0,15717.0,0.0,334.1,1390.1,186.0,164318.0,0.0
20190908,11288350.0,120589.0,758011.0,44107.0,495638.0,1780338.0,145448.0,330.0,207.0,17499.0,10.0,487.1,1506.5,788.0,153643.0,0.0
20190909,9965602.0,135868.0,753011.0,38910.0,521651.0,2006326.0,150858.0,146.0,17.0,21060.0,11.0,236.0,559.9,87.0,131642.0,0.0
20190910,8705913.0,119036.0,662062.0,34657.0,457060.0,1456084.0,140316.0,22.0,64.0,16107.0,11.0,276.3,241.9,46.0,111504.0,0.0
20190911,9089729.0,111435.0,621910.0,28764.0,429432.0,1472198.0,117562.0,49.0,126.0,12686.0,0.0,370.6,497.0,17.0,89782.0,0.0
20190912,12909932.0,132814.0,616331.0,34712.0,480050.0,1785687.0,149101.0,290.0,202.0,12823.0,0.0,431.3,847.3,204.0,119650.0,0.0
20190913,11914716.0,112039.0,530989.0,34001.0,347387.0,1452672.0,124799.0,97.0,226.0,16460.0,0.0,1094.2,1738.0,348.0,162426.0,0.0
20190914,6734543.0,130690.0,733942.0,55534.0,468304.0,1528356.0,157736.0,223.0,153.0,26305.0,0.0,1042.0,2943.8,959.0,165992.0,0.0
20190915,12843001.0,177065.0,1030633.0,88363.0,663303.0,2271597.0,190976.0,806.0,155.0,17657.0,10.0,395.5,2234.7,1353.0,178101.0,0.0
20190916,11746677.0,152948.0,940328.0,53372.0,675857.0,2270026.0,213910.0,17.0,86.0,16248.0,20.0,496.5,1356.9,240.0,171101.0,0.0
20190917,9257968.0,121612.0,659522.0,26065.0,485567.0,1621204.0,159238.0,72.0,46.0,15117.0,0.0,183.2,685.4,300.0,102102.0,0.0
20190918,9131025.0,117352.0,614462.0,35259.0,452042.0,1564863.0,133031.0,39.0,99.0,10054.0,0.0,100.4,796.4,141.0,98883.0,0.0
20190919,8932378.0,96767.0,547970.0,26420.0,384722.0,1490384.0,156118.0,248.0,107.0,11790.0,0.0,119.9,935.9,102.0,94391.0,0.0
20190920,10141078.0,111320.0,574933.0,30590.0,444763.0,1677948.0,143996.0,126.0,34.0,11651.0,0.0,227.2,602.9,305.0,116618.0,0.0
20190921,8847246.0,98915.0,554596.0,26508.0,383707.0,1430936.0,131373.0,115.0,108.0,13933.0,0.0,193.3,516.2,106.0,113460.0,0.0
20190922,9984739.0,109595.0,551739.0,28559.0,388528.0,1391611.0,118252.0,194.0,74.0,13867.0,7.0,443.3,827.2,622.0,121935.0,0.0
20190923,9826106.0,110180.0,573677.0,28434.0,407048.0,1544589.0,135976.0,195.0,81.0,13679.0,0.0,300.5,575.9,17.0,110297.0,0.0
20190924,8595064.0,102945.0,491787.0,23559.0,373901.0,1360711.0,126415.0,247.0,59.0,14666.0,0.0,204.5,448.1,105.0,90580.0,0.0
20190925,8665906.0,91733.0,520468.0,25615.0,392250.0,1332933.0,119899.0,58.0,51.0,11434.0,0.0,132.0,404.1,92.0,93293.0,0.0
20190926,8738682.0,99612.0,475789.0,24180.0,358082.0,1409260.0,110669.0,153.5,39.0,12396.0,0.0,158.1,878.1,39.0,94383.0,0.0
20190927,9722221.0,99428.0,524406.0,23534.0,365811.0,1397038.0,119933.0,160.0,49.0,13276.0,0.0,140.0,733.6,52.0,98384.0,0.0
20190928,10777616.0,111611.0,515737.0,24882.0,378653.0,1511067.0,123432.0,71.0,63.0,13276.0,0.0,449.0,527.2,209.0,106885.0,0.0
20190929,12256426.0,114638.0,559551.0,27801.0,404295.0,1650356.0,113973.0,519.0,70.0,15653.0,0.0,392.3,890.4,122.0,106207.0,0.0
20190930,18349110.0,182456.0,832740.0,44762.0,521820.0,2314819.0,143036.0,856.0,178.0,15322.0,0.0,574.5,826.5,183.0,207798.0,0.0
20191001,19944527.0,236501.0,912136.0,110109.0,613140.0,2726364.0,151548.0,245.0,171.0,25649.0,0.0,728.6,1790.3,186.0,324001.0,0.0
20191002,16544704.0,200746.0,890030.0,71783.0,595818.0,2047674.0,179164.0,247.0,137.0,46922.0,22.0,943.7,1750.9,400.0,219943.0,0.0
20191003,14527835.0,199950.0,1186153.0,108524.0,717826.0,2257849.0,199440.0,74.0,341.0,24448.0,11.0,673.1,2533.2,951.0,225858.0,0.0
20191004,13876081.0,224610.0,1371647.0,110126.0,861317.0,2728496.0,194877.0,148.0,187.0,23039.0,0.0,766.2,2177.5,551.0,175930.0,0.0
20191005,15351653.0,179223.0,966413.0,95689.0,607610.0,2438092.0,204935.0,87.0,176.0,18874.0,0.0,755.3,2594.4,926.0,179696.0,0.0
20191006,16992985.0,139296.0,631384.0,74278.0,493456.0,1922712.0,197933.0,253.0,243.0,18097.0,0.0,987.9,4125.4,1180.0,290529.0,0.0
20191007,17875846.0,170280.0,621699.0,73788.0,398470.0,1739653.0,184659.0,341.0,129.0,16044.0,0.0,1114.1,3908.3,1052.0,323725.0,0.0
20191008,14622973.0,127094.0,900142.0,61162.0,558756.0,2362704.0,195307.0,120.0,50.0,19283.0,51.0,590.8,1502.0,367.0,191240.0,0.0
20191009,13193447.0,155134.0,1050242.0,56585.0,684884.0,2264380.0,211209.0,55.0,111.0,13887.0,0.0,320.9,1047.6,98.0,120635.0,0.0
20191010,11158658.0,160328.0,964977.0,51655.0,675823.0,2029153.0,187309.0,761.0,30.0,11753.0,0.0,99.8,756.1,100.0,109798.0,0.0
20191011,9601590.0,139566.0,787827.0,36180.0,555710.0,1855575.0,165444.0,37.0,65.0,11451.0,0.0,434.7,773.4,223.0,110359.0,0.0
20191012,8592539.0,121686.0,730618.0,29225.0,474428.0,1618406.0,165403.0,50.0,97.0,12164.0,0.0,249.5,721.3,233.0,110024.0,0.0
20191013,9028999.0,131250.0,729000.0,33292.0,514482.0,1698516.0,147453.0,1066.0,65.0,14288.0,11.0,591.6,943.8,319.0,135943.0,0.0
20191014,9111045.0,116094.0,707552.0,34641.0,493216.0,1626294.0,152491.0,139.0,56.0,16281.0,0.0,608.9,802.4,128.0,127329.0,0.0
20191015,8903161.0,128553.0,649312.0,30455.0,460488.0,1630944.0,149141.0,55.0,49.0,14156.0,0.0,254.0,742.7,59.0,119715.0,0.0
20191016,9248523.0,124238.0,613827.0,35965.0,451752.0,1639322.0,136448.0,235.0,87.0,15363.0,0.0,561.9,634.8,138.0,117568.0,0.0
20191017,9633426.0,132131.0,600708.0,30566.0,406387.0,1604999.0,132844.0,230.0,122.0,13536.0,0.0,246.5,576.9,105.0,124070.0,0.0
20191018,11829362.0,149628.0,692647.0,32556.0,490435.0,1814795.0,154308.0,359.0,90.0,17680.0,0.0,278.9,1328.3,128.0,168197.0,0.0
20191019,9655451.0,133142.0,661647.0,39664.0,477894.0,1731007.0,149814.0,359.0,338.0,15450.0,11.0,616.7,1218.7,152.0,162863.0,0.0
20191020,10000140.0,153784.0,724956.0,50607.0,547987.0,1946118.0,155032.0,386.0,297.0,21217.0,0.0,195.2,1442.7,780.0,192972.0,0.0
20191021,9894677.0,146442.0,793983.0,51263.0,552701.0,2048454.0,157801.0,146.0,106.0,18694.0,0.0,167.6,828.8,125.0,164747.0,0.0
20191022,8343929.0,122910.0,598290.0,30387.0,453289.0,1617096.0,137152.0,176.0,197.0,18267.0,0.0,317.6,952.7,98.0,123389.0,0.0
20191023,7944095.0,105423.0,564068.0,29819.0,397863.0,1434400.0,123086.0,37.0,29.0,15730.0,0.0,232.9,760.6,52.0,114272.0,0.0
20191024,8161218.0,102545.0,600368.0,35502.0,419182.0,1579174.0,122396.0,130.0,65.0,15620.0,0.0,497.3,745.3,52.0,116742.0,0.0
20191025,10639450.0,130906.0,585233.0,32302.0,515204.0,1859398.0,137997.0,298.0,78.0,17772.0,0.0,408.2,725.2,182.0,164901.0,0.0
20191026,8650203.0,122265.0,612655.0,29901.0,451952.0,1585801.0,148845.0,106.0,212.0,19384.0,0.0,448.8,1133.5,126.0,156708.0,0.0
20191027,9565936.0,212520.0,742055.0,38492.0,499660.0,1965601.0,140372.0,239.0,157.0,21560.0,0.0,356.2,2049.9,628.0,223571.0,0.0
20191028,9455248.0,113547.0,739888.0,38623.0,488185.0,1854103.0,169144.0,94.0,122.0,18776.0,0.0,254.8,967.5,108.0,156377.0,0.0
20191029,7562747.0,100016.0,597864.0,30888.0,392943.0,1437159.0,142896.0,37.0,66.0,18174.0,0.0,184.0,858.6,155.0,111711.0,0.0
20191030,7551143.0,104890.0,521006.0,26318.0,417523.0,1480334.0,139880.0,55.0,73.0,13884.0,0.0,153.4,863.2,63.0,91531.0,0.0
20191031,8257252.0,116077.0,566243.0,26592.0,379010.0,1563965.0,152246.0,598.0,116.0,12709.0,0.0,498.7,388.3,63.0,104081.0,0.0
20191101,10501182.0,139330.0,629829.0,29938.0,466566.0,1681502.0,158203.0,218.0,83.0,15349.0,0.0,691.3,963.7,49.0,143917.0,0.0
20191102,8951915.0,129627.0,582108.0,35299.0,438526.0,1570148.0,148045.0,60.0,20.0,15704.0,0.0,176.0,615.3,147.0,172534.0,0.0
20191103,10286221.0,135597.0,721905.0,48706.0,546019.0,1819110.0,165485.0,160.0,1753.0,18124.0,0.0,668.9,1964.8,667.0,193976.0,0.0
20191104,10206949.0,130983.0,738591.0,43045.0,526339.0,1710722.0,162855.0,73.0,76.0,15686.0,0.0,176.6,713.1,140.0,149712.0,0.0
20191105,8884178.0,115112.0,571520.0,22162.0,439862.0,1465868.0,143968.0,110.0,50.0,15559.0,0.0,110.9,594.2,98.0,104105.0,0.0
20191106,8108089.0,105943.0,583892.0,21122.0,409369.0,1432177.0,130158.0,18.0,128.0,12953.0,0.0,119.3,631.8,46.0,112089.0,0.0
20191107,8421592.0,109948.0,583208.0,18154.0,429541.0,1456597.0,129769.0,180.0,134.0,11892.0,11.0,205.9,656.1,50.0,111601.0,0.0
20191108,10239828.0,123892.0,656220.0,28555.0,492572.0,1770140.0,150747.0,350.0,83.0,11968.0,0.0,321.2,480.5,224.0,143946.0,0.0
20191109,8365107.0,111606.0,625042.0,23599.0,438789.0,1740274.0,150021.0,48.0,188.0,13564.0,0.0,150.8,908.7,124.0,162059.0,0.0
20191110,9906043.0,129005.0,717221.0,27399.0,486043.0,1793297.0,151701.0,189.0,188.0,18497.0,0.0,349.6,1622.2,769.0,165928.0,0.0
20191111,8723636.0,123622.0,652989.0,28448.0,451911.0,1642909.0,141969.0,154.0,121.0,17194.0,0.0,132.9,670.3,132.0,141665.0,0.0
20191112,7603126.0,100494.0,537337.0,24055.0,392927.0,1402961.0,132167.0,37.0,66.0,16055.0,0.0,211.9,766.4,142.0,103812.0,0.0
20191113,8344915.0,97883.0,489348.0,24773.0,418201.0,1428284.0,143868.0,149.0,6.0,11453.0,0.0,200.0,632.5,196.0,102928.0,0.0
20191114,8102373.0,110040.0,512444.0,19380.0,372558.0,1470758.0,122495.0,178.0,114.0,10746.0,0.0,627.6,415.9,133.0,104446.0,0.0
20191115,10374113.0,126338.0,605666.0,24856.0,443832.0,1729859.0,160742.0,140.0,52.0,11135.0,0.0,454.7,788.7,153.0,133777.0,0.0
20191116,9101470.0,129480.0,573532.0,21995.0,426265.0,1645493.0,162451.0,136.0,250.0,13381.0,0.0,267.2,911.7,167.0,146412.0,0.0
20191117,10156750.0,145672.0,685994.0,43360.0,487808.0,1646543.0,168998.0,327.0,197.0,13381.0,0.0,431.4,1522.9,858.0,171995.0,0.0
20191118,8842391.0,115331.0,683357.0,29698.0,485767.0,1681793.0,153503.0,76.0,89.0,17874.0,0.0,134.1,497.3,194.0,144048.0,0.0
20191119,7547652.0,106284.0,517397.0,20635.0,401817.0,1371653.0,137609.0,28.0,23.0,14290.0,0.0,126.1,400.5,183.0,107767.0,0.0
20191120,7972769.0,105286.0,541821.0,19632.0,393670.0,1397481.0,126245.0,70.0,32.0,14937.0,0.0,74.3,604.1,243.0,102529.0,0.0
20191121,7623257.0,98246.0,481809.0,18937.0,372377.0,1346252.0,130825.0,92.0,92.0,13651.0,0.0,199.0,707.3,277.0,101783.0,0.0
20191122,9702056.0,118157.0,550850.0,25142.0,406481.0,1619466.0,146580.0,138.0,51.0,13012.0,0.0,579.7,530.6,89.0,129197.0,0.0
20191123,8225889.0,101528.0,535573.0,24114.0,409473.0,1463293.0,146549.0,98.0,31.0,13849.0,0.0,139.3,639.3,323.0,140717.0,0.0
20191124,8868296.0,125749.0,606258.0,27359.0,440628.0,1705814.0,179648.0,327.0,258.0,15720.0,0.0,428.9,1792.6,962.0,155906.0,0.0
20191125,8673856.0,106514.0,628483.0,22404.0,482039.0,1579909.0,170803.0,18.0,59.0,16735.0,0.0,284.9,1384.0,229.0,133906.0,0.0
20191126,6997934.0,84599.0,485702.0,16911.0,379724.0,1339696.0,126636.0,24.0,215.0,14494.0,0.0,82.4,930.6,121.0,95484.0,0.0
20191127,6948744.0,91695.0,458677.0,24867.0,348596.0,1227240.0,112664.0,55.0,69.0,11914.0,0.0,232.3,831.2,330.0,81231.0,0.0
20191128,7210261.0,93012.0,472374.0,19120.0,341700.0,1317330.0,115529.0,4.0,70.0,9712.0,0.0,201.9,554.7,159.0,102269.0,0.0
20191129,9785113.0,102135.0,507753.0,20984.0,390226.0,1504787.0,135450.0,83.0,2505.0,12940.0,0.0,72.7,509.3,146.0,148231.0,0.0
20191130,8961603.0,111222.0,489417.0,27286.0,372588.0,1367342.0,123463.0,71.0,2831.0,17843.0,0.0,27.1,617.3,81.0,166373.0,0.0
20191201,9736410.0,132728.0,591693.0,35684.0,427884.0,1418130.0,153315.0,247.0,154.0,24685.0,0.0,170.0,1496.8,74.0,160550.0,0.0
20191202,9622091.0,114688.0,614379.0,28943.0,453860.0,1415356.0,144510.0,42.0,858.0,36651.0,0.0,75.0,837.1,5.0,167858.0,0.0
20191203,8262687.0,100104.0,516583.0,20999.0,365592.0,1243080.0,119003.0,37.0,33.0,29499.0,0.0,71.7,726.6,100.0,125795.0,0.0
20191204,8301199.0,116821.0,477164.0,25508.0,384643.0,1329004.0,130574.0,37.0,33.0,31804.0,11.0,115.9,747.6,106.0,117053.0,0.0
20191205,8664689.0,83496.0,466919.0,20982.0,374017.0,1302741.0,120147.0,73.0,144.0,32357.0,0.0,91.7,529.7,149.0,130699.0,0.0
20191206,10761245.0,101610.0,506065.0,21767.0,387969.0,1492532.0,122405.0,186.0,777.0,32068.0,0.0,107.2,528.9,84.0,171140.0,0.0
20191207,8797326.0,97075.0,488210.0,22300.0,374219.0,1322958.0,120666.0,81.0,102.0,31969.0,0.0,90.7,643.6,144.0,179605.0,0.0
20191208,9828906.0,105500.0,572455.0,32168.0,420803.0,1436059.0,141204.0,129.0,126.0,41519.0,0.0,186.5,1161.2,212.0,178837.0,0.0
20191209,9536225.0,95298.0,567647.0,29139.0,408619.0,1474062.0,140213.0,67.0,42.0,37374.0,0.0,193.2,472.0,156.0,174681.0,0.0
20191210,8072016.0,79532.0,481089.0,16760.0,350068.0,1244946.0,113774.0,83.0,65.0,30715.0,0.0,130.4,356.8,127.0,129558.0,0.0
20191211,8314228.0,100235.0,506696.0,21861.0,353725.0,1272108.0,146602.0,0.0,23.0,37324.0,0.0,37.6,456.9,129.0,130141.0,0.0
20191212,8537246.0,87020.0,463980.0,15138.0,341666.0,1276288.0,119409.0,116.0,51.0,35767.0,0.0,45.8,744.0,114.0,138698.0,0.0
20191213,10336274.0,98797.0,454751.0,22082.0,397516.0,1402524.0,118390.0,197.0,81.0,40476.0,0.0,117.4,678.3,183.0,161893.0,0.0
20191214,8884735.0,86298.0,483244.0,26600.0,368739.0,1385337.0,120262.0,124.0,95.0,37726.0,0.0,125.8,604.1,200.0,176850.0,0.0
20191215,9670423.0,103419.0,570188.0,32799.0,399322.0,1424191.0,129947.0,226.0,20.0,46823.0,0.0,115.1,976.5,305.0,172934.0,0.0
20191216,9441053.0,103291.0,596323.0,26022.0,413753.0,1419936.0,143564.0,37.0,17.0,42143.0,0.0,177.7,652.3,74.0,183441.0,0.0
20191217,8421672.0,76204.0,449268.0,17602.0,326648.0,1190694.0,125607.0,20.0,34.0,37777.0,0.0,99.7,602.1,151.0,129435.0,0.0
20191218,8577418.0,81231.0,452909.0,18888.0,324001.0,1169635.0,111706.0,102.0,118.0,41327.0,0.0,84.2,484.8,107.0,126326.0,0.0
20191219,8785320.0,78702.0,437784.0,17915.0,321229.0,1224331.0,116710.0,75.0,100.0,35182.0,11.0,210.8,413.3,103.0,132258.0,0.0
20191220,10789021.0,101874.0,532045.0,21221.0,374682.0,1476137.0,119144.0,291.0,82.0,38814.0,0.0,68.3,380.4,175.0,160952.0,0.0
20191221,8959493.0,92192.0,481703.0,19265.0,355438.0,1251109.0,117980.0,69.0,97.0,45347.0,11.0,91.1,527.2,111.0,177851.0,0.0
20191222,9226088.0,92196.0,526024.0,21135.0,379874.0,1300226.0,124826.0,151.0,173.0,42595.0,0.0,145.8,813.3,234.0,178479.0,0.0
20191223,9057143.0,80969.0,550309.0,22830.0,411088.0,1423799.0,125944.0,65.0,50.0,49554.0,0.0,116.6,908.5,194.0,196580.0,0.0
20191224,8189610.0,84412.0,411610.0,16577.0,335711.0,1194334.0,109158.0,55.0,85.0,40185.0,0.0,117.5,733.7,73.0,134177.0,0.0
20191225,8237321.0,79371.0,452838.0,19093.0,321493.0,1193359.0,108126.0,65.0,44.0,41077.0,0.0,137.6,440.2,141.0,132151.0,0.0
20191226,8627617.0,72322.0,462014.0,19334.0,323805.0,1170933.0,103223.0,92.0,29.5,41742.0,0.0,96.3,334.7,76.0,136654.0,0.0
20191227,10119196.0,76673.0,488507.0,20583.0,370658.0,1386953.0,113571.0,177.0,57.0,40915.0,0.0,112.4,491.9,79.0,167514.0,0.0
20191228,9725374.0,93594.0,461461.0,21469.0,349333.0,1276802.0,121441.0,96.0,61.0,42170.0,0.0,128.4,439.0,225.0,162869.0,0.0
20191229,9595475.0,98142.0,496100.0,27361.0,339256.0,1303267.0,114598.0,159.0,66.0,43669.0,0.0,59.3,842.3,177.0,156136.0,0.0
20191230,9332364.0,105550.0,491407.0,23077.0,363736.0,1311396.0,111151.0,18.0,96.0,44601.0,0.0,104.3,205.8,287.0,171701.0,0.0
20191231,8979285.0,91778.0,488861.0,21020.0,353127.0,1269400.0,103828.0,71.0,39.0,34619.0,0.0,77.3,400.9,347.0,191620.0,0.0
